品牌,型号,缺失字段
苹果,iPhone 15 Pro Max,image_url
苹果,iPhone 15,image_url
苹果,iPhone 14,image_url
小米,Redmi K70 Pro,image_url
vivo,iQOO 12,image_url
一加,一加12,image_url
荣耀,Magic6 Pro,image_url
真我,GT5 Pro,image_url
魅族,魅族21,image_url
努比亚,努比亚Z60 Ultra,image_url
苹果,iPhone 16 Pro Max,image_url
苹果,iPhone 16 Pro,image_url
苹果,iPhone 16,image_url
苹果,iPhone 16 Plus,image_url
一加,一加13,image_url
荣耀,Magic7 Pro,image_url
小米,Redmi Note 14 Pro+,image_url
小米,Redmi K80,image_url
荣耀,荣耀X60 Pro,image_url
荣耀,荣耀X50,image_url
vivo,iQOO Neo10,image_url
vivo,iQOO Z9 Turbo+,image_url
真我,GT Neo6,image_url
OPPO,Find N3 Flip,image_url
vivo,X Fold3,image_url
荣耀,Magic V3,image_url
荣耀,Magic V Flip,image_url
华为,华为畅享90 Pro Max 128GB,ram,camera_main
华为,华为Pura 90 Pro Max(16GB/512GB),camera_main
华为,华为畅享 90 128GB,ram,camera_main
华为,华为nova 15（256GB）,ram,camera_main
苹果,苹果iPhone 17 Pro Max（256GB）,storage,ram
vivo,iQOO Z11 Turbo(12GB/256GB),camera_main
苹果,苹果iPhone 17 Pro（256GB）,ram
苹果,Apple（苹果）iPhone Air 256GB,ram
苹果,苹果iPhone 17e（256GB）,ram
苹果,苹果iPhone 13（128GB/全网通/5G版）,camera_main
小米,Redmi Turbo 5 MAX(12GB/256GB),camera_main
vivo,vivo S50(12GB/256GB),camera_main
vivo,vivo Y500(8GB/128GB),camera_main
vivo,vivo Y500 Pro(8GB/128GB),camera_main
真我,真我GT8(12GB/256GB),camera_main
真我,真我GT7(12GB+256GB),camera_main
一加,一加15T(12GB/256GB),image_url
一加,一加Ace 6(12GB/256GB),image_url
一加,一加15（12GB/256GB）,image_url
一加,一加13T(12GB/256GB),image_url
一加,一加Ace 5(12GB/256GB),image_url
一加,一加13（12GB/256GB）,image_url
一加,一加13T(12GB/512GB),image_url
一加,一加15T(12GB/512GB),image_url
小米,Redmi K90 Pro Max(12GB/256GB),camera_main
华为,华为nova 15 Pro（256GB）,ram
华为,华为畅享 70X(128GB),ram,camera_main
苹果,苹果iPhone 13 Pro Max（128GB/全网通/5G版）,ram
苹果,苹果iPhone 17 Pro Max（2TB）,ram
vivo,vivo Y300 Pro(8GB/128GB),camera_main
真我,真我GT5 Pro(12GB/256GB),camera_main
真我,真我GT Neo5 150W（8GB/256GB）,camera_main
真我,真我GT5 150W （12GB/256GB）,camera_main
华为,华为nova 15 Ultra（256GB）,ram
华为,华为畅享90 Plus 128GB,ram
华为,华为Mate X7（12GB/256GB）,camera_main
华为,华为nova 14 Ultra（256GB）,ram
华为,华为畅享90 Pro Max 512GB,ram
华为,华为Pura 80 Pro(12GB/256GB),camera_main
华为,华为P40 Pro（8GB/128GB/全网通/5G版）,camera_main
华为,华为畅享 80（128GB）,ram
华为,华为畅享90 Pro Max 256GB,ram
华为,华为nova 14 Pro（256GB）,ram
华为,华为Pura 80 Ultra（16GB/512GB）,camera_main
华为,华为nova 14（256GB）,ram
华为,华为Mate XTs 非凡大师（16GB/256GB）,camera_main
华为,华为novaFlip,storage,ram
华为,华为畅享 90 256GB,ram
苹果,苹果iPhone 17 Pro Max（512GB）,ram
苹果,苹果iPhone 17 Pro（1TB）,ram
苹果,苹果iPhone 16e（128GB）,camera_main
苹果,Apple（苹果）iPhone Air 1TB,ram
苹果,苹果iPhone 11 Pro Max（4GB/64GB/全网通）,camera_main
苹果,苹果iPhone 17 Pro（512GB）,ram
苹果,苹果iPhone 12 mini（4GB/64GB/全网通/5G版）,camera_main
苹果,苹果iPhone 17 Pro Max（1TB）,ram
小米,小米MIX 4（12GB/256GB/全网通/5G版）,camera_main
小米,小米MIX Flip 2（12GB/256GB）,camera_main
vivo,vivo X Fold5（12GB/256GB）,camera_main
vivo,vivo X300 Pro（16GB+1TB）,camera_main
vivo,vivo Y300t(8GB/128GB),camera_main
vivo,vivo Y300(8GB/128GB),camera_main
vivo,vivo X300 Pro（16GB+512GB）,camera_main
vivo,vivo Y300 Pro+(8GB/128GB),camera_main
vivo,vivo Y200i(8GB/256GB),camera_main
真我,真我GT Neo5 SE（8GB/256GB）,camera_main
真我,真我GT 大师探索版（12GB/256GB/全网通/5G版）,camera_main
真我,真我GT Neo2（8GB/256GB/全网通/5G版）,camera_main
真我,真我GT Neo6 SE(8GB/256GB),camera_main
真我,真我Q3（6GB/128GB/全网通/5G版）,camera_main
真我,真我15（8GB/256GB）,camera_main
三星,三星Galaxy S25 Ultra,storage,ram
华为,华为 Pura X Max,storage,ram
华为,华为 Pura 90 Pro,storage,ram,camera_main
华为,华为 Pura 90 Pro Max,storage,ram
三星,三星Galaxy S26 Ultra(12GB/512GB)防窥屏，亿像素主摄，
第五代骁龙8至尊版,camera_main
三星,三星Galaxy S25 Ultra(12GB/256GB)超拟人AI助理，骁龙8至尊版，AI拍照,camera_main
三星,三星Galaxy S24 Ultra(12GB/256GB)Al智享生活办公，四长焦系统，SPen,camera_main
三星,三星Galaxy S23 Ultra（8GB/256GB）超视觉夜拍，第二代骁龙8，S Pen书写,camera_main
三星,三星Galaxy S26（12GB/256GB）第五代骁龙8至尊版，智慧GalaxyAI，超视觉影像,camera_main
三星,三星Galaxy S25(12GB/256GB)超拟人AI助理，骁龙8至尊版，AI拍照,camera_main
三星,三星Galaxy Note 20 Ultra（12GB/256GB/全网通/5G版）S Pen，三星笔记，120Hz自适应屏幕，专业视频拍摄,camera_main
三星,三星Galaxy S24(8GB/256GB)装甲铝边框，超视觉引擎，Galaxy AI,camera_main
三星,三星Galaxy S23（8GB/128GB）超视觉夜拍，第二代骁龙8，超亮全视护眼屏,camera_main
三星,三星Galaxy S22 Ultra（12GB/256GB/5G版）超凡卓越影像系统，大屏S Pen书写，全新一代骁龙8移动平台,camera_main
三星,三星Galaxy Z Fold6(12GB/512GB)大屏Galaxy AI，
超时尚，骁龙8 Gen3,camera_main
三星,三星Galaxy S26+（12GB+512GB）第五代骁龙8至尊版，高性能影像系统，智慧Galaxy AI,camera_main
三星,三星Galaxy Z Fold5（12GB/512GB）闭合折叠，轻薄手感，PC般强大生产力,camera_main
三星,三星Galaxy S20（12GB/128GB/全网通）6400万后置主摄，LPDDR5内存，AI一键多拍,camera_main
三星,三星Galaxy A54（8GB/128GB）光学防抖，IP67等级，5000毫安大电池,camera_main
三星,三星Galaxy S22（8GB/128GB/5G版）超凡卓越影像系统，超亮顺滑全视屏，全新一代骁龙8移动平台,camera_main
小米,Redmi K90(12GB/256GB)骁龙8至尊版，7100mAh大电池，青山护眼,camera_main
小米,Redmi Turbo 4 Pro(12GB/256GB)第四代骁龙 8s，双环路3D冰封散热，6.83英寸极窄边大屏,camera_main
小米,Redmi Note 15 Pro(8GB/256GB)天玑7400-Ultra，7000mAh，龙晶玻璃十倍抗摔,camera_main
小米,Redmi K80(12GB/256GB)第三代骁龙8，2K新国屏，6550mAh大电池,camera_main
小米,Redmi Turbo 4天玑 8400-Ultra，6550mAh大电池，小米澎湃OS2,storage,ram,camera_main
小米,Redmi K90(12GB/512GB)骁龙8至尊版，7100mAh大电池，青山护眼,camera_main
小米,Redmi Note 15 Pro+(12GB/256GB)真抗摔，真防水，长续航,camera_main
小米,Redmi Note 15 Pro(12GB/512GB)天玑7400-Ultra，7000mAh，龙晶玻璃十倍抗摔,camera_main
小米,Redmi Turbo 5（12GB/256GB）天玑8500-Ultra，1.5K阳光屏，6.59"黄金尺寸,camera_main
小米,Redmi K70(12GB/256GB)第二代晓龙8，光影猎人，120W充电,camera_main
小米,Redmi K90 Max(12GB/512GB)天玑9500旗舰芯，游戏独显，165Hz超高刷电竞屏,camera_main
小米,Redmi（红米）Turbo 4 12GB+512GB天玑 8400-Ultra，6550mAh大电池，小米澎湃OS2,storage,ram,camera_main
小米,Redmi  K80至尊版(12GB/512GB)天玑9400+，独显芯片 D2，3D 冰封循环冷泵,camera_main
小米,Redmi K80 Pro(12GB/256GB)骁龙8至尊版，2K新国屏，全焦段影像,camera_main
小米,Redmi K60（8GB/128GB）骁龙8+,2K高光屏,5500mAh,camera_main
苹果,苹果 iPhone 17,storage,ram
华为,华为 畅享90 Pro Max 128GB,ram
vivo,iQOO 15(12GB/256GB)第五代骁龙8至尊版，自研电竞芯片Q3，2K三星珠峰屏,camera_main
vivo,iQOO 15 Ultra（16GB/256GB）第五代骁龙8至尊版，2K三星珠峰屏，超感触控肩键,camera_main
vivo,iQOO Z11(8GB/256GB)天玑8500满血版， 9020mAh超薄蓝海电池 ，165Hz护眼电竞屏,camera_main
vivo,iQOO Neo11(12GB/256GB)骁龙8至尊版，自研电竞芯片Q2，Monster超核引擎,camera_main
vivo,iQOO Z10x(8GB/128GB)6500mAh超薄蓝海电池，天玑7300，护眼LCD屏幕,camera_main
vivo,iQOO Z10 Turbo(12GB/256GB)天玑8400满血版 ，7620mAh超薄蓝海电池，144Hz护眼屏,camera_main
vivo,iQOO Z10 Turbo+(12GB/256GB)天玑9400+旗舰芯，8000mAh超薄蓝海电池，自研电竞芯片Q2,camera_main
vivo,iQOO Z11x(8GB/256GB)天玑7400，7200mAh超薄蓝海电池，LCD莱茵护眼屏,camera_main
vivo,iQOO Z9(8GB/128GB)第三代骁龙7，防频闪护眼屏，蓝海电池,camera_main
vivo,iQOO 15 Ultra （24GB/1TB）第五代骁龙8至尊版，2K三星珠峰屏，超感触控肩键,camera_main
vivo,iQOO Neo11(12GB/512GB)骁龙8至尊版，自研电竞芯片Q2，Monster超核引擎,camera_main
vivo,iQOO 13(12GB/256GB)骁龙8至尊版，自研电竞芯片Q2，蓝晶技术栈,camera_main
vivo,iQOO Neo10(12GB/256GB)第三代骁龙8，自研电竞芯片Q2，120W超快闪充,camera_main
vivo,iQOO Z9 Turbo(12GB/256GB)第三代骁龙8S，独显芯片Pro+，蓝海电池,camera_main
vivo,iQOO Z10 Turbo Pro（12GB/256GB）第四代骁龙8s，自研电竞芯片 Q1，旗舰144Hz光域护眼屏,camera_main
vivo,iQOO Z11x(12GB/512GB)天玑7400，7200mAh超薄蓝海电池，LCD莱茵护眼屏,camera_main
vivo,iQOO 15(12GB/512GB)第五代骁龙8至尊版，自研电竞芯片Q3，2K三星珠峰屏,camera_main
vivo,iQOO 12(12GB/256GB)第三代骁龙8移动平台，自研电竞芯片Q1，万里追光影像系统,camera_main
vivo,iQOO Neo5（8GB/256GB/全网通/5G版）高通骁龙870+独立显示芯片，66W闪充，全覆盖液冷散热系统,camera_main
vivo,iQOO Neo9(12GB/256GB)第二代骁龙 8，自研电竞芯片 Q1，MX920 索尼大底主摄,camera_main
vivo,iQOO Neo8（12GB/256GB）自研芯片 V1+，120W 超快闪充，VC立体散热系统,camera_main
vivo,iQOO 12 Pro(16GB/256GB)第三代骁龙8，自研电竞芯片 Q1，50W 立式无线充电器,camera_main
vivo,iQOO Z11 Turbo(16GB/512GB)骁龙8Gen5，自研电竞芯片Q2，2亿大底超级主摄,camera_main
联想,小米 17 Ultra,storage,ram
真我,真我Neo8(12GB+256GB)第五代骁龙8，165Hz三星高刷屏，5000万潜望长焦,camera_main
真我,真我GT8(12GB/256GB)骁龙8至尊版，理光GR影像系统，5000万超光影潜望长焦,camera_main
真我,真我GT8(12GB/512GB)骁龙8至尊版，理光GR影像系统，5000万超光影潜望长焦,camera_main
真我,真我Neo8(12GB/512GB)第五代骁龙8，165Hz三星高刷屏，5000万潜望长焦,camera_main
真我,真我15T（8GB+128GB）前后5000万超清拍照，7000mAh泰坦电池，4000nits阳光屏,camera_main
真我,真我Neo7(12GB/256GB)天玑9300+，泰坦电池，护眼电竞直屏,camera_main
真我,真我GT8(16GB/1TB)骁龙8至尊版，理光GR影像系统，5000万超光影潜望长焦,camera_main
真我,真我Neo8(16GB/512GB)第五代骁龙8，165Hz三星高刷屏，5000万潜望长焦,camera_main
真我,真我GT6(12GB/256GB)第三代骁龙8，无双电竞直屏，聚能电池,camera_main
真我,真我GT8(16GB/512GB)骁龙8至尊版，理光GR影像系统，5000万超光影潜望长焦,camera_main
真我,真我Neo8(16GB/1TB)第五代骁龙8，165Hz三星高刷屏，5000万潜望长焦,camera_main
魅族,魅族22（12GB/256GB）5000万旗舰四主摄，3X超清潜望长焦，第四代骁龙8s移动平台,camera_main
魅族,魅族Lucky 08(8GB/256GB)无界天线系统，星轨科技美学，AI按键,camera_main
魅族,魅族17 Pro（8GB/128GB/全网通/5G版）6400W专业影像系统，27W无线超充，mSmart 5G，mEngine 3.0,camera_main
魅族,魅族Note 16(8GB/128GB)6600mAh超耐久电池，泰坦护盾合金架构，IP65 防水泼溅,camera_main
魅族,魅族21 Pro(12GB+256GB)Flyme AI，2k+ 单手臻彩屏，mTouch Max 广域超声波指纹识别,camera_main
魅族,魅族20 Pro（12GB/128GB）无界设计，轻薄旗舰，第二代骁龙8旗舰,camera_main
魅族,魅族20（12GB/128GB）第二代骁龙8旗舰算力，上探行业品质标杆，FIyme10无界生态,camera_main
魅族,魅族21 Note(16GB/256GB)Flyme AIOS，骁龙8Gen2，144Hz护眼屏,camera_main
魅族,魅族22（12GB/512GB）5000万旗舰四主摄，3X超清潜望长焦，第四代骁龙8s移动平台,camera_main
魅族,魅族Note 16 (8GB/256GB)超级信号战神，五年持久流畅认证，三防品质认证,camera_main
魅族,魅族Note 16 Pro(12GB/512GB)超级信号战神，五年持久流畅认证，三防品质认证,camera_main
魅族,魅族20 INFINITY 无界版（12GB/256GB）2.48mm 四等极边，91% 极致屏占,惊艳视觉感官，挑战行业极限,camera_main
魅族,魅族17（8GB/128GB/全网通/5G版）超线性扬声器，mSmart 5G，mEngine 3.0，全场景影像系统,camera_main
魅族,魅族18X（8GB/256GB/全网通/5G版）高通骁龙870处理器，120Hz柔性屏，6400万AI超清三摄 ，4300mAh大电池,camera_main
魅族,魅族18（8GB/128GB/全网通/5G版）新一代超声波指纹解锁，高通骁龙888，6400W超级防抖全场景影像系统，Flyme 9安全纯净系统,camera_main
魅族,魅族22（16GB+1TB）5000万旗舰四主摄，3X超清潜望长焦，第四代骁龙8s移动平台,camera_main
魅族,魅族22（16GB+512GB）5000万旗舰四主摄，3X超清潜望长焦，第四代骁龙8s移动平台,camera_main
魅族,魅族18s（8GB/256GB/全网通/5G版）高通骁龙888Plus处理器，2K曲面屏，高通二代超声波屏下指纹,camera_main
魅族,魅族21 Pro(16GB+512GB)Flyme AI，2k+ 单手臻彩屏，mTouch Max 广域超声波指纹识别,camera_main
魅族,魅族Note 16(12GB/256GB)6600mAh超耐久电池，泰坦护盾合金架构，IP65 防水泼溅,camera_main
魅族,魅族Lucky 08(12GB/512GB)无界天线系统，星轨科技美学，AI按键,camera_main
魅族,魅族21 Note(16GB/512GB)Flyme AIOS，骁龙8Gen2，144Hz护眼屏,camera_main
魅族,魅族18 Pro（8GB/256GB/全网通/5G版）极边四曲微弧屏，AR全场景大师影像系统，高通骁龙888,camera_main
魅族,魅族Note 16 Pro(16GB/512GB)超级信号战神，五年持久流畅认证，三防品质认证,camera_main
苹果,苹果 iPhone 17 Pro Max,storage,ram,camera_main
一加,一加Ace 6(12GB/256GB)骁龙8至尊版，165Hz 超高刷护眼电竞屏，7800mAh冰川电池,camera_main
一加,一加15（12GB/256GB）第五代骁龙8至尊版，165Hz超高刷东方屏，电竞三芯,camera_main
一加,一加13T(12GB/256GB)性能超强小直屏，骁龙 8 至尊版，冰川电池,camera_main
一加,一加13（12GB/256GB）高通骁龙8至尊版，第二代天工散热系统Pro，自研电竞独显引擎,camera_main
一加,一加Ace 5(12GB/256GB)第三代骁龙 8，冰川电池，电竞护眼屏,camera_main
一加,一加15T(12GB/512GB)第五代骁龙8旗舰芯片，8300mAh冰川电池，165Hz电竞屏,camera_main
一加,一加15（12GB/512GB）第五代骁龙8至尊版，165Hz超高刷东方屏，电竞三芯,camera_main
一加,一加13T(12GB/512GB)性能超强小直屏，骁龙 8 至尊版，冰川电池,camera_main
一加,一加Ace 5 至尊版(12GB/512GB)天玑9400+旗舰芯，风驰游戏内核，144Hz电竞高刷屏,camera_main
一加,一加Turbo 6V(8GB/256GB)第四代骁龙7s，144Hz电竞护眼屏，9000mAh冰川电池,camera_main
一加,一加15T(16GB/1TB)第五代骁龙8旗舰芯片，8300mAh冰川电池，165Hz电竞屏,camera_main
一加,一加Ace 6(12GB/512GB)骁龙8至尊版，165Hz 超高刷护眼电竞屏，7800mAh冰川电池,camera_main
一加,一加Ace 3（12GB/256GB）1.5K东方屏，高通第二代骁龙8，5500mAh超长续航,camera_main
一加,一加Ace 6(16GB/512GB)骁龙8至尊版，165Hz 超高刷护眼电竞屏，7800mAh冰川电池,camera_main
一加,一加13（24GB/1TB）高通骁龙8至尊版，第二代天工散热系统Pro，自研电竞独显引擎,camera_main
一加,一加12（12GB/256GB）哈苏全焦段超光影影像，2K东方屏，第三代高通骁龙8,camera_main
一加,一加Ace 3 Pro（12GB/256GB）第三代骁龙 8，冰川电池，1.5K东方屏,camera_main
一加,一加Ace 6 至尊版(16GB/1TB)天玑9500，165Hz超高刷东方屏，8600mAh超巨量冰川电池,camera_main
一加,一加Ace 6T(12GB/512GB)第五代骁龙8芯片，165Hz超高刷电竞屏，8300mAh冰川电池,camera_main
一加,一加Ace 2（12GB/256GB）满血版骁龙8+旗舰平台，1.5K灵犀触控屏，超帧超画引擎,camera_main
一加,一加Turbo 6(12GB/512GB)第四代骁龙8s 风驰版，9000mAh冰川电池，165超高刷电竞东方屏,camera_main
努比亚,努比亚红魔11 Air（12GB/256GB）骁龙8至尊版，全系透明设计，主动散热风扇,camera_main
努比亚,努比亚Z80 Ultra(16GB/11B)第五代骁龙8至尊版，7200mAh电池，AI影像大模型,camera_main
努比亚,努比亚Z70 Ultra(12GB/256GB)骁龙8至尊版，35mm主摄，6150mAh南海电池,camera_main
努比亚,努比亚红魔11Pro+（24GB+1TB）第五代骁龙8至尊版，7500mAh，脉动水冷引擎,camera_main
努比亚,努比亚红魔10S Pro+ 16GB+512GB骁龙8至尊领先版，1.5K 144Hz悟空屏，PC模拟器,storage,ram,camera_main
努比亚,努比亚Z60 Ultra(12GB/256GB)第三代骁龙8，三主摄OIS，6000mAh长续航,camera_main
努比亚,努比亚Z70S Ultra 摄影师版（12GB/256GB）骁龙8至尊版，真全面屏，35mm可变光圈,camera_main
努比亚,努比亚红魔11Pro+（12GB+256GB）第五代骁龙8至尊版，7500mAh，脉动水冷引擎,camera_main
努比亚,努比亚小牛(6GB/256GB)Neovision泰山AI影像，双玻璃机身，5000mAh大电池,camera_main
努比亚,努比亚Z70S Ultra 摄影师版（24GB/1TB）骁龙8至尊版，真全面屏，35mm可变光圈,camera_main
努比亚,努比亚Flip 2(8GB/256GB)5000万后置双摄，全视角悬停摄影，轻薄抗摔,camera_main
努比亚,努比亚红魔11Pro+（16GB+512GB）第五代骁龙8至尊版，7500mAh，脉动水冷引擎,camera_main
努比亚,努比亚红魔10 Pro(12GB/256GB/暗夜骑士)骁龙8至尊版，1.5K 144Hz 屏下前摄，液态金属散热,camera_main
努比亚,努比亚红魔10 Pro+(16GB/512GB/暗夜骑士)骁龙8至尊版，144Hz屏下前摄，7050mAh电池,camera_main
努比亚,努比亚红魔10 Pro+(24GB/1TB/暗夜骑士)骁龙8至尊版，144Hz屏下前摄，7050mAh电池,camera_main
努比亚,努比亚红魔8 PRO（8GB/128GB）UDC全面屏4.0，ICE11.0魔冷散热系统，80w快充,camera_main
努比亚,努比亚Z70 Ultra(24GB/1TB)骁龙8至尊版，35mm主摄，6150mAh南海电池,camera_main
努比亚,努比亚Z50S Pro（12GB/256GB）第二代骁龙8领先版，35mm高定大底主摄，5100mAh,camera_main
努比亚,努比亚Z50 Ultra（8GB/256GB）真全面屏，第四代屏下摄像，黄金双焦段定制光学,camera_main
努比亚,努比亚红魔11 Air（16GB/512GB）骁龙8至尊版，全系透明设计，主动散热风扇,camera_main
努比亚,努比亚Z80 Ultra(16GB/512GB)第五代骁龙8至尊版，7200mAh电池，AI影像大模型,camera_main
努比亚,努比亚Flip 2(12GB/512GB)5000万后置双摄，全视角悬停摄影，轻薄抗摔,camera_main
努比亚,努比亚红魔9 Pro(12GB/256GB)骁龙8Gen3，6500mAh电池，80W快充,camera_main
联想,Moto g100(8GB/256GB)7000mAh星海电池，高通骁龙7系，多摄多能,camera_main
联想,Moto edge 60 Pro（12GB/512GB）索尼5000万影像系统，悬浮四曲机身，全生态直觉交互,camera_main
联想,Moto g100s(8GB/128GB)千元小钢炮，护眼强续航，多功能NFC,camera_main
联想,Moto razr 50 Ultra(12GB/512GB)无界AI大屏，潘通色彩定制，新五代星轨转轴,camera_main
联想,moto S50 Neo(8GB/256GB)潘通色彩定制，应用六开，AI夜景大师,camera_main
联想,Moto X70 Air Pro(16GB/512GB)轻薄最强AI影像，双8K AI云台影像，清晰防抖新标准,camera_main
联想,Moto S50(12GB/256GB)天玑 7300，68W 快充，6.36英寸OLED屏幕,camera_main
联想,Moto razr 60 Ultra(16GB/256GB)4英寸大外屏，第六代折叠屏，30W无线充,camera_main
联想,Moto g100 Pro(12GB/512GB)6720mAh大电池强续航，杜比双扬1.5K高刷超清屏，湿手触控防水防污,camera_main
联想,Moto g100 Pro(8GB/256GB)6720mAh大电池强续航，杜比双扬1.5K高刷超清屏，湿手触控防水防污,camera_main
联想,Moto Razr 50(8GB/256GB)IPX8防水，天玑7300X，灵动信息,camera_main
联想,Moto g100(12GB/256GB)7000mAh星海电池，高通骁龙7系，多摄多能,camera_main
联想,Moto razr 60 8GB+256GB60万次折叠认证，康宁防护，湿手触控,storage,ram,camera_main
联想,Moto g100s(8GB/256GB)千元小钢炮，护眼强续航，多功能NFC,camera_main
联想,Moto g75(8GB/256GB)护眼大屏，抗冻耐摔，第三代骁龙6,camera_main
联想,Moto X70 Air(12GB/512GB)超轻薄直屏，多面耐摔，强力抗水,camera_main
联想,Moto razr 60 12GB+512GB60万次折叠认证，康宁防护，湿手触控,storage,ram,camera_main
联想,Moto edge s（8GB/128GB/全网通/5G版）骁龙870，5000mAh电池，AI前后六摄，2.8cm超微距，LPDDR5,camera_main
联想,Moto g54（8GB/128GB）5000万AI影像，5000mAh， 120Hz,camera_main
荣耀,荣耀 500 Pro,storage,ram
索尼,索尼Xperia 1 IV（12GB/256GB）80-125mm光学变焦，120fps高速三摄，骁龙8 Gen1处理器,camera_main
索尼,索尼移动Xperia 1 V（12GB/256GB）120Hz，OLED宽屏，骁龙8第二代芯片,camera_main
索尼,索尼Xperia PRO-I（12GB/512GB/全网通/5G版）高通骁龙888，1英寸影像传感器，索尼专业相机技术，光学防抖功能,camera_main
索尼,索尼移动Xperia 5 Ⅳ（8GB/256GB）高通 骁龙8 Gen1，5000mAh电池，120Hz，67mm纤窄机身,camera_main
索尼,索尼移动Xperia 1 VII（12GB/256GB）,camera_main
索尼,索尼Xperia 5 III（8GB/256GB/全网通/5G版）高通骁龙888，潜望式可变长焦镜头，实时追踪对焦，HDR OLED 120Hz,camera_main
索尼,索尼移动Xperia 1 VII（16GB/512GB）,camera_main
索尼,索尼移动Xperia 5 V(8GB/256GB),camera_main
索尼,索尼Xperia 1 IV （12GB/512GB）80-125mm光学变焦，120fps高速三摄，骁龙8 Gen1处理器,camera_main
索尼,红米note14,storage,ram,camera_main
黑鲨,黑鲨5 Pro（12GB/256GB）全新骁龙8，逆重力双VC液冷系统，120W超级闪充，磁动力升降肩键,camera_main
黑鲨,黑鲨4（6GB/128GB/全网通/5G版）骁龙870，磁动力升降肩键，120W极速闪充，游戏语音操控,camera_main
黑鲨,黑鲨5（12GB/128GB）高通 骁龙870，120W超级闪充，三明治VC液冷系统，磁动力升降肩键,camera_main
黑鲨,黑鲨4 Pro（8GB/256GB/全网通/5G版）骁龙888，升降游戏按键，120W极速闪充，游戏语音操控,camera_main
黑鲨,黑鲨4S（12GB/128GB/全网通/5G版）高通骁龙870处理器，144Hz显示屏，磁动力升降肩键,camera_main
黑鲨,黑鲨5 RS（12GB/256GB）高通 骁龙888+，120W超级闪充，磁动力升降肩键，144Hz AMOLED电竞屏,camera_main
黑鲨,黑鲨4S Pro（16GB/512GB/全网通/5G版）高通骁龙888Plus，120W超级闪充，144Hz刷新率，双区屏幕压感,camera_main
黑鲨,黑鲨4（8GB/128GB/全网通/5G版）骁龙870，磁动力升降肩键，120W极速闪充，游戏语音操控,camera_main
黑鲨,黑鲨5 Pro（16GB/512GB）全新骁龙8，逆重力双VC液冷系统，120W超级闪充，磁动力升降肩键,camera_main
黑鲨,黑鲨4S（8GB/128GB/全网通/5G版）高通骁龙870处理器，144Hz显示屏，磁动力升降肩键,camera_main
黑鲨,黑鲨4（12GB/128GB/全网通/5G版）骁龙870，磁动力升降肩键，120W极速闪充，游戏语音操控,camera_main
黑鲨,黑鲨4 Pro（16GB/512GB/全网通/5G版）骁龙888，升降游戏按键，120W极速闪充，游戏语音操控,camera_main
黑鲨,黑鲨5 高能版（8GB/256GB）高通 骁龙870，120W超级闪充，三明治VC液冷系统，磁动力升降肩键,camera_main
黑鲨,黑鲨4 Pro（12GB/256GB/全网通/5G版）骁龙888，升降游戏按键，120W极速闪充，游戏语音操控,camera_main
黑鲨,黑鲨5（12GB/256GB）高通 骁龙870，120W超级闪充，三明治VC液冷系统，磁动力升降肩键,camera_main
黑鲨,黑鲨5 Pro（8GB/256GB）全新骁龙8，逆重力双VC液冷系统，120W超级闪充，磁动力升降肩键,camera_main
黑鲨,黑鲨4（12GB/256GB/全网通/5G版）骁龙870，磁动力升降肩键，120W极速闪充，游戏语音操控,camera_main
黑鲨,黑鲨5 高能版（12GB/256GB）高通 骁龙870，120W超级闪充，三明治VC液冷系统，磁动力升降肩键,camera_main
黑鲨,黑鲨5（8GB/128GB）高通 骁龙870，120W超级闪充，三明治VC液冷系统，磁动力升降肩键,camera_main
黑鲨,黑鲨4S Pro（12GB/256GB/全网通/5G版）高通骁龙888Plus，120W超级闪充，144Hz刷新率，双区屏幕压感,camera_main
黑鲨,黑鲨4（8GB/256GB/全网通/5G版）骁龙870，磁动力升降肩键，120W极速闪充，游戏语音操控,camera_main
黑鲨,黑鲨5 RS（8GB/256GB）高通 骁龙888，120W超级闪充，磁动力升降肩键，144Hz AMOLED电竞屏,camera_main
黑鲨,黑鲨4S（12GB/256GB/全网通/5G版）高通骁龙870处理器，144Hz显示屏，磁动力升降肩键,camera_main
ROG,ROG 游戏手机9 Pro(16GB/512GB)光显矩阵屏，185Hz高刷，SoC中置架构,camera_main
ROG,ROG 游戏手机9 Pro(24GB/1TB)光显矩阵屏，185Hz高刷，SoC中置架构,camera_main
ROG,ROG 7（8GB/256GB）骁龙8 Gen2，三星电竞屏，2x3Plus肩键,camera_main
ROG,ROG 8(12GB/256GB)骁龙8Gen3，矩阵式液冷散热8.0，三星电竞屏,camera_main
ROG,ROG 8 Pro(16GB/512GB)骁龙8Gen3，矩阵式液冷散热8.0，防抖云台,camera_main
ROG,ROG 游戏手机6（16GB/512GB/天玑9000+）天玑9000+，165Hz三星电竞屏，2x3Plus肩键,camera_main
ROG,ROG 游戏手机9(12GB/256GB)光显矩阵屏，185Hz高刷，SoC中置架构,camera_main
ROG,ROG 8 Pro(24GB/1T)骁龙8Gen3，矩阵式液冷散热8.0，防抖云台,camera_main
ROG,ROG 游戏手机5s（12GB/256GB/全网通/5G版）高通骁龙888Plus处理器，144Hz三星E4屏，2x3双操控肩键，6000mAh电池,camera_main
ROG,ROG 游戏手机5s Pro（18GB/512GB/全网通/5G版）高通骁龙888Plus处理器，144Hz三星E4屏，炫彩个性视窗，六指双操控,camera_main
ROG,ROG 游戏手机5s（16GB/256GB/全网通/5G版）高通骁龙888Plus处理器，144Hz三星E4屏，2x3双操控肩键，6000mAh电池,camera_main
ROG,ROG 7 Pro（16GB/512GB）骁龙8 Gen2，矩阵式液冷散热7.0，165Hz,camera_main
ROG,ROG 游戏手机5s（8GB/128GB/全网通/5G版）高通骁龙888Plus处理器，144Hz三星E4屏，2x3双操控肩键，6000mAh电池,camera_main
ROG,ROG 游戏手机6（8GB/128GB）矩阵式液冷散热6.0，165Hz三星电竞屏，2x3Plus肩键,camera_main
ROG,ROG 游戏手机6（12GB/256GB/天玑9000+）天玑9000+，165Hz三星电竞屏，2x3Plus肩键,camera_main
ROG,ROG 7（16GB/512GB）骁龙8 Gen2，三星电竞屏，2x3Plus肩键,camera_main
ROG,ROG 游戏手机5（8GB/128GB/全网通/5G版）高通骁龙888，超声波肩键，体感操控，风扇按键,camera_main
ROG,ROG 游戏手机5（12GB/256GB/全网通/5G版）高通骁龙888，超声波肩键，体感操控，风扇按键,camera_main
ROG,ROG 游戏手机6 Pro（18GB/512GB）骁龙8+Gen1，矩阵式液冷散热6.0，165Hz三星电竞屏,camera_main
ROG,ROG 游戏手机9(12GB/512GB)光显矩阵屏，185Hz高刷，SoC中置架构,camera_main
ROG,ROG 8(16GB/256GB)骁龙8Gen3，矩阵式液冷散热8.0，三星电竞屏,camera_main
ROG,ROG 游戏手机5幻影（18GB/512GB/全网通/5G版）高通骁龙888，超声波肩键，体感操控，风扇按键,camera_main
ROG,ROG 游戏手机5 Pro（16GB/512GB/全网通/5G版）高通骁龙888，超声波肩键，体感操控，风扇按键,camera_main
ROG,ROG 8(12GB/256GB/QQ飞车手游定制限量版)骁龙8Gen3，矩阵式液冷散热8.0，QQ飞车手游定制限量版,camera_main
